category,category_name,tip
уход_за_телом_и_кожей,Уход за телом и кожей,"Держите ребёнка при себе как можно чаще. Контакт «кожа к коже» помогает малышу чувствовать безопасность, регулирует его дыхание и сердечный ритм, а также укрепляет эмоциональную связь между вами."
уход_за_телом_и_кожей,Уход за телом и кожей,"Всегда мойте руки перед тем, как взять малыша. У новорождённых ещё слабый иммунитет, и чистые руки помогут защитить его от инфекций."
уход_за_телом_и_кожей,Уход за телом и кожей,"Следите, чтобы в комнате температура держалась в пределах 20–22 °C. Перегрев опасен для ребёнка, поэтому лучше одеть его чуть легче, чем слишком тепло."
уход_за_телом_и_кожей,Уход за телом и кожей,"Проветривайте комнату не менее двух раз в день. Свежий воздух улучшает сон, аппетит и настроение ребёнка."
уход_за_телом_и_кожей,Уход за телом и кожей,Купайте малыша в воде температуры 36–37 °C. Это максимально приближено к температуре внутриутробной среды и помогает ребёнку чувствовать себя комфортно.
уход_за_телом_и_кожей,Уход за телом и кожей,Меняйте подгузник каждые 2–3 часа или сразу после загрязнения. Это снижает риск появления опрелостей и дискомфорта у малыша.
уход_за_телом_и_кожей,Уход за телом и кожей,"Подбирайте подгузники строго по весу ребёнка. Если они велики или малы, это может вызвать протекания или натирания."
уход_за_телом_и_кожей,Уход за телом и кожей,При покраснении кожи используйте защитный крем под подгузник. А ещё полезно иногда оставлять малыша без подгузника для «воздушных ванн».
уход_за_телом_и_кожей,Уход за телом и кожей,Не используйте жёсткое или ароматизированное мыло. Для новорождённых подойдут только мягкие детские средства без лишних добавок.
уход_за_телом_и_кожей,Уход за телом и кожей,"После купания промокайте кожу полотенцем, не растирая. Это поможет избежать раздражений и микротрещинок."
кормление,🍼 Кормление,"Кормите ребёнка по требованию, а не строго по часам. Такой подход лучше удовлетворяет его потребности и помогает сформировать здоровый аппетит."
кормление,🍼 Кормление,"В первые месяцы грудное молоко — самая полезная и естественная пища. Оно содержит антитела, которые защищают малыша от болезней."
кормление,🍼 Кормление,"Если вы используете смесь, выбирайте её строго по возрасту. Никогда не экспериментируйте без совета врача — у разных детей разная переносимость."
кормление,🍼 Кормление,"Держите бутылочку так, чтобы соска всегда была наполнена молоком. Это поможет избежать заглатывания воздуха и колик."
кормление,🍼 Кормление,После каждого кормления держите малыша вертикально 10–15 минут. Это уменьшает срыгивания и помогает газикам выйти.
кормление,🍼 Кормление,"Следите за сигналами насыщения — ребёнок может отворачиваться или переставать сосать. Не перекармливайте, это вызывает дискомфорт."
кормление,🍼 Кормление,"Вводите прикорм не раньше 6 месяцев, когда пищеварительная система станет более зрелой. Начинайте с простых овощных пюре или каш."
кормление,🍼 Кормление,"Каждый новый продукт вводите постепенно, начиная с маленькой ложечки. В течение нескольких дней наблюдайте за реакцией — это поможет выявить аллергию."
кормление,🍼 Кормление,"Никогда не давайте ребёнку мёд до года. Он может содержать бактерии, опасные для младенцев."
кормление,🍼 Кормление,"Не добавляйте в еду соль и сахар. Ребёнку достаточно естественного вкуса продуктов, а ранние привычки формируются очень быстро."
сон,😴 Сон,Укладывайте ребёнка спать на спину — это наиболее безопасное положение. Оно снижает риск синдрома внезапной детской смерти.
сон,😴 Сон,Используйте жёсткий матрас без подушки и мягких одеял. Ребёнок должен спать в максимально безопасных условиях.
сон,😴 Сон,"В кроватке не должно быть игрушек, подушек и бортиков. Всё лишнее может мешать дыханию малыша."
сон,😴 Сон,Оптимальная температура для сна — 18–20 °C. В прохладной комнате сон ребёнка будет спокойнее и крепче.
сон,😴 Сон,"Создавайте ритуалы перед сном: тёплая ванна, тихая колыбельная, мягкий свет. Это помогает малышу понять, что пора отдыхать."
сон,😴 Сон,Избегайте яркого света перед ночным сном. Организм ребёнка должен вырабатывать мелатонин — гормон сна.
сон,😴 Сон,Старайтесь укладывать ребёнка в одно и то же время. Режим помогает быстрее заснуть и формирует здоровые привычки.
сон,😴 Сон,"Дневной сон не менее важен, чем ночной. Недосып днём может привести к капризам и трудностям с ночным сном."
сон,😴 Сон,"Если ребёнок просыпается ночью, говорите с ним тихим голосом и не включайте яркий свет. Так он быстрее поймёт разницу между днём и ночью."
сон,😴 Сон,"Иногда малыши лучше засыпают во время прогулки. Коляска или слинг могут помочь, если ребёнку трудно уснуть дома."
игры_и_развитие,🎲 Игры и развитие,"Разговаривайте с малышом с первых дней жизни. Даже если он пока не понимает слов, он чувствует вашу интонацию и эмоции."
игры_и_развитие,🎲 Игры и развитие,Улыбайтесь ребёнку чаще. Это формирует доверие и помогает ему учиться выражать эмоции.
игры_и_развитие,🎲 Игры и развитие,Делайте лёгкий массаж ручек и ножек. Такие прикосновения улучшают кровообращение и развивают сенсорные навыки.
игры_и_развитие,🎲 Игры и развитие,Включайте спокойную музыку. Она помогает развивать слух и внимание малыша.
игры_и_развитие,🎲 Игры и развитие,Читайте малышу книги даже в грудничковом возрасте. Ваш голос — лучшее средство для успокоения и развития речи.
игры_и_развитие,🎲 Игры и развитие,"Используйте контрастные чёрно-белые карточки в первые месяцы. Они стимулируют зрительное восприятие, которое только развивается."
игры_и_развитие,🎲 Игры и развитие,"Играйте в «ку-ку» после 3 месяцев. Это простая игра, но она развивает внимание и чувство безопасности."
игры_и_развитие,🎲 Игры и развитие,Предлагайте игрушки разных форм и материалов. Малыш учится познавать мир через прикосновения.
игры_и_развитие,🎲 Игры и развитие,Кладите ребёнка на живот каждый день. Это укрепляет мышцы шеи и спины и готовит к ползанию.
игры_и_развитие,🎲 Игры и развитие,"С 6–7 месяцев показывайте картинки с животными. Называйте их вслух, и малыш начнёт запоминать первые слова."
эмоции_и_семья,❤️ Эмоции и семья,Больше обнимайте ребёнка. Физический контакт снижает уровень стресса и помогает формировать чувство безопасности.
эмоции_и_семья,❤️ Эмоции и семья,"Никогда не оставляйте малыша надолго одного. Ему важно чувствовать, что родители рядом."
эмоции_и_семья,❤️ Эмоции и семья,"Реагируйте на плач — это главный способ общения ребёнка. Игнорирование не сделает его самостоятельным, а только добавит тревоги."
эмоции_и_семья,❤️ Эмоции и семья,Хвалите ребёнка даже за маленькие достижения. Это формирует уверенность в себе с самого раннего возраста.
эмоции_и_семья,❤️ Эмоции и семья,Общайтесь спокойным и мягким голосом. Дети чувствуют настроение родителей и копируют их интонации.
эмоции_и_семья,❤️ Эмоции и семья,"Если малыш капризничает, попробуйте сменить обстановку. Иногда достаточно выйти в другую комнату или на балкон."
эмоции_и_семья,❤️ Эмоции и семья,Делите обязанности по уходу между мамой и папой. Ребёнку важно чувствовать привязанность к обоим родителям.
эмоции_и_семья,❤️ Эмоции и семья,"Не сравнивайте малыша с другими детьми. Каждый развивается в своём темпе, и это абсолютно нормально."
эмоции_и_семья,❤️ Эмоции и семья,Постарайтесь сами быть спокойными. Ребёнок чувствует ваше настроение и может реагировать тревожностью.
эмоции_и_семья,❤️ Эмоции и семья,"Помните, что самое ценное для ребёнка — ваше внимание. Игрушки и гаджеты не заменят теплых объятий и общения."
уход_за_телом_и_кожей,Уход за телом и кожей,"Регулярно проверяйте складочки кожи, особенно подмышки и шейку. Влага и остатки молока могут вызывать раздражения, поэтому мягкая чистка и просушивание обязательны."
уход_за_телом_и_кожей,Уход за телом и кожей,При смене подгузника дайте малышу полежать голеньким несколько минут. Такие «воздушные ванны» отлично предотвращают опрелости.
уход_за_телом_и_кожей,Уход за телом и кожей,"Если ребёнок часто царапает себя, надевайте специальные «царапки». Они мягко защищают кожу и не мешают движениям."
уход_за_телом_и_кожей,Уход за телом и кожей,"Ногти малышу лучше стричь после купания, когда они становятся мягкими. Используйте только безопасные ножницы с закруглёнными концами."
уход_за_телом_и_кожей,Уход за телом и кожей,"Если кожа слишком сухая, наносите гипоаллергенный детский крем или масло. Это сохранит защитный барьер кожи и предотвратит трещины."
уход_за_телом_и_кожей,Уход за телом и кожей,"Не используйте влажные салфетки слишком часто. Они подходят для прогулок, но дома лучше промывать кожу водой."
уход_за_телом_и_кожей,Уход за телом и кожей,"Следите за чистотой игрушек. Особенно тщательно мойте те, что малыш тянет в рот."
уход_за_телом_и_кожей,Уход за телом и кожей,"Если появилась сыпь или покраснение, не применяйте взрослые кремы. Всегда консультируйтесь с педиатром."
уход_за_телом_и_кожей,Уход за телом и кожей,Для купания используйте отдельное полотенце и пелёнку. Это помогает соблюдать гигиену и уменьшает риск раздражений.
уход_за_телом_и_кожей,Уход за телом и кожей,"При умывании глаз промывайте их ватным диском, двигаясь от внешнего уголка к внутреннему. Для каждого глаза используйте отдельный диск."
кормление_и_питание,🍼 Кормление и питание,"При грудном вскармливании мама должна соблюдать сбалансированную диету. Всё, что она ест, в какой-то мере передаётся малышу."
кормление_и_питание,🍼 Кормление и питание,"Не торопитесь с прикормом, даже если кто-то советует раньше 6 месяцев. Желудок и кишечник должны быть готовы к новой пище."
кормление_и_питание,🍼 Кормление и питание,"Начинайте прикорм с овощей, а не фруктов. Так ребёнок не привыкнет сразу к сладкому вкусу."
кормление_и_питание,🍼 Кормление и питание,Новые продукты лучше вводить в первой половине дня. Тогда будет легче отследить возможные реакции.
кормление_и_питание,🍼 Кормление и питание,"Если малыш отказывается от новой еды, не настаивайте. Предложите снова через несколько дней."
кормление_и_питание,🍼 Кормление и питание,Для первого прикорма используйте одноразовую ложку детского размера. Это поможет малышу постепенно привыкнуть к новому процессу.
кормление_и_питание,🍼 Кормление и питание,Не используйте соки как первый прикорм. Они могут вызвать брожение в кишечнике и боли.
кормление_и_питание,🍼 Кормление и питание,"Если малыш ест из бутылочки, всегда проверяйте температуру молока. Оптимальная температура — чуть теплее тела."
кормление_и_питание,🍼 Кормление и питание,Не оставляйте ребёнка с бутылочкой во рту без присмотра. Это может привести к захлёбыванию или проблемам с зубами.
кормление_и_питание,🍼 Кормление и питание,Вода должна быть всегда доступна после начала прикорма. Приучайте ребёнка пить небольшими глотками.
сон_и_режим,😴 Сон и режим,"Если ребёнку трудно уснуть, попробуйте лёгкий массаж. Он расслабляет мышцы и помогает успокоиться."
сон_и_режим,😴 Сон и режим,Не приучайте малыша засыпать только с кормлением. Иначе ему будет сложно засыпать самостоятельно.
сон_и_режим,😴 Сон и режим,Для лучшего сна используйте одно и то же место — кроватку или колыбель. Так ребёнок ассоциирует его с отдыхом.
сон_и_режим,😴 Сон и режим,Днём не затемняйте комнату полностью. Пусть малыш постепенно учится отличать дневной и ночной сон.
сон_и_режим,😴 Сон и режим,"Перед сном исключите громкие игры и яркий свет. Мозгу нужно время, чтобы «переключиться» на отдых."
сон_и_режим,😴 Сон и режим,"Укачивание допустимо, но важно сокращать его постепенно. Тогда ребёнок научится засыпать сам."
сон_и_режим,😴 Сон и режим,"Белый шум может помочь при укладывании. Он напоминает малышу звуки, которые он слышал в утробе."
сон_и_режим,😴 Сон и режим,У каждого ребёнка индивидуальная потребность во сне. Не пытайтесь подогнать его под «усреднённые нормы».
сон_и_режим,😴 Сон и режим,"Следите за признаками усталости: зевота, потирание глаз, беспокойство. Если тянуть время, малышу будет сложнее уснуть."
сон_и_режим,😴 Сон и режим,Иногда лучше уложить ребёнка чуть раньше обычного времени. Переутомление приводит к капризам и ночным пробуждениям.
развитие_моторики_и_навыков,🎲 Развитие моторики и навыков,"Кладите игрушки чуть подальше, чтобы стимулировать малыша тянуться к ним. Это укрепляет мышцы и развивает координацию."
развитие_моторики_и_навыков,🎲 Развитие моторики и навыков,"Поощряйте перевороты, кладя ребёнка на твёрдую и безопасную поверхность. Хвалите его за каждую попытку."
развитие_моторики_и_навыков,🎲 Развитие моторики и навыков,"Ежедневное время «на животике» укрепляет шею, спину и руки. Начинайте с нескольких минут и постепенно увеличивайте."
развитие_моторики_и_навыков,🎲 Развитие моторики и навыков,"После 6 месяцев предлагайте игрушки, которые можно перекладывать из руки в руку. Это развивает мелкую моторику."
развитие_моторики_и_навыков,🎲 Развитие моторики и навыков,"Показывайте, как складывать пирамидку или кубики. Даже если малыш пока не умеет, наблюдение тоже обучает."
развитие_моторики_и_навыков,🎲 Развитие моторики и навыков,Игра «ладушки» помогает развитию моторики и ритма. Она также учит ребёнка повторять движения.
развитие_моторики_и_навыков,🎲 Развитие моторики и навыков,"Поддерживайте малыша, когда он пробует сидеть. Но не сажайте насильно, дайте телу развиться естественно."
развитие_моторики_и_навыков,🎲 Развитие моторики и навыков,Давайте безопасные предметы разной формы — они развивают захват. Это может быть даже мягкая ложка или погремушка.
развитие_моторики_и_навыков,🎲 Развитие моторики и навыков,"Учите показывать жесты «дай», «пока». Это помогает общению ещё до появления слов."
развитие_моторики_и_навыков,🎲 Развитие моторики и навыков,Первые шаги лучше делать босиком дома. Так стопа правильно формируется и укрепляется.
эмоции_и_общение,❤️ Эмоции и общение,"Отвечайте на гуление ребёнка, как будто ведёте диалог. Это закладывает основы будущей речи."
эмоции_и_общение,❤️ Эмоции и общение,"Если малыш плачет, попробуйте разные способы успокоить — смените позу, спойте песню, возьмите на руки. Постепенно вы узнаете, что работает лучше."
эмоции_и_общение,❤️ Эмоции и общение,Улыбайтесь малышу как можно чаще. Эмоциональное отражение очень важно в первые месяцы жизни.
эмоции_и_общение,❤️ Эмоции и общение,"Никогда не смейтесь над плачем или страхами ребёнка. Для него это серьёзные переживания, даже если они кажутся вам мелочью."
эмоции_и_общение,❤️ Эмоции и общение,Хвалите малыша за каждое новое умение. Это формирует уверенность и радость от достижений.
эмоции_и_общение,❤️ Эмоции и общение,"Если ребёнок капризничает, иногда достаточно сменить обстановку. Перейдите в другую комнату или выйдите на балкон."
эмоции_и_общение,❤️ Эмоции и общение,"Пусть папа участвует в уходе наравне с мамой. Это укрепляет связь и с отцом, и с ребёнком."
эмоции_и_общение,❤️ Эмоции и общение,"Не сравнивайте своего малыша с другими детьми. Каждый развивается индивидуально, и это нормально."
эмоции_и_общение,❤️ Эмоции и общение,Ребёнок чувствует ваше настроение. Старайтесь сохранять спокойствие — это помогает и ему быть уравновешенным.
эмоции_и_общение,❤️ Эмоции и общение,"Самое ценное для ребёнка — это внимание родителей. Игрушки и гаджеты могут занять его ненадолго, но любовь и забота незаменимы."
уход_и_гигиена,Уход и гигиена,"При прогулке в жаркую погоду используйте лёгкий хлопковый плед или накидку, чтобы защитить ребёнка от прямого солнца. Не забывайте проверять, чтобы малышу не было слишком жарко под тканью."
уход_и_гигиена,Уход и гигиена,"Если у ребёнка повышенная потливость, чаще меняйте одежду и используйте дышащие ткани. Это поможет избежать раздражения кожи."
уход_и_гигиена,Уход и гигиена,У младенцев нередко бывает молочная корочка на голове. Не сдирайте её — используйте мягкое масло перед купанием и аккуратно расчёсывайте щёточкой.
уход_и_гигиена,Уход и гигиена,Не используйте ароматизированные порошки и кондиционеры при стирке вещей ребёнка. Лучше выбирать гипоаллергенные средства без запаха.
уход_и_гигиена,Уход и гигиена,"Купание можно заменить обтиранием влажной салфеткой или тканью, если ребёнок устал или болеет. Главное — следить за чистотой складочек кожи."
уход_и_гигиена,Уход и гигиена,"Меняя подгузник ночью, делайте это в полумраке и без лишних разговоров. Так малыш быстрее заснёт обратно."
уход_и_гигиена,Уход и гигиена,При насморке не используйте ватные палочки для носа. Лучше применять аспиратор и солевой раствор в каплях.
уход_и_гигиена,Уход и гигиена,"Если у ребёнка часто мокнут складки, присыпка может помочь. Но используйте её только на сухую кожу и очень тонким слоем."
уход_и_гигиена,Уход и гигиена,"Купание с ромашкой или чередой помогает при раздражениях кожи. Но добавляйте отвары не чаще 1–2 раз в неделю, чтобы не пересушить кожу."
уход_и_гигиена,Уход и гигиена,Детские полотенца должны быть только индивидуальными. Не используйте взрослые полотенца для малыша — это вопрос гигиены.
кормление_и_питание,🍼 Кормление и питание,"После полугода предлагайте ребёнку разные цвета продуктов — оранжевую морковь, зелёный кабачок, белую цветную капусту. Так формируется интерес к еде."
кормление_и_питание,🍼 Кормление и питание,"Не вводите сразу несколько новых продуктов. Если появится аллергия, будет сложно понять её причину."
кормление_и_питание,🍼 Кормление и питание,"Старайтесь кормить ребёнка в одном и том же месте. Так он быстрее поймёт, что за столом едят, а не играют."
кормление_и_питание,🍼 Кормление и питание,"Используйте высокий стульчик для прикорма, как только малыш сможет сидеть с поддержкой. Это безопаснее и удобнее."
кормление_и_питание,🍼 Кормление и питание,"Если ребёнок отказывается от ложки, позвольте ему есть руками. Это нормально на этапе знакомства с едой."
кормление_и_питание,🍼 Кормление и питание,Замораживайте овощи и фрукты для прикорма маленькими порциями. Так всегда будет свежий запас продуктов.
кормление_и_питание,🍼 Кормление и питание,"Если малыш часто срыгивает, попробуйте уменьшить объём, но увеличить частоту кормлений. Это снизит нагрузку на желудок."
кормление_и_питание,🍼 Кормление и питание,Приучайте ребёнка к питью из поильника или чашки постепенно. Не торопитесь полностью убирать бутылочку.
кормление_и_питание,🍼 Кормление и питание,"Прикорм можно предлагать перед грудным кормлением, если ребёнок проявляет интерес. Так он будет пробовать новое, не будучи слишком голодным."
кормление_и_питание,🍼 Кормление и питание,"Если малыш выплёвывает еду, не воспринимайте это как отказ. Возможно, ему нужно просто привыкнуть к новому вкусу и текстуре."
сон_и_режим,😴 Сон и режим,"Для облегчения ночных пробуждений держите пелёнки, воду и подгузники рядом с кроваткой. Это сэкономит время и снизит стресс."
сон_и_режим,😴 Сон и режим,"Если ребёнок плохо засыпает днём, попробуйте затемнить комнату шторами. Иногда лишний свет мешает уснуть."
сон_и_режим,😴 Сон и режим,"Дневной сон лучше организовывать в коляске или кроватке, а не на руках. Это формирует привычку спать самостоятельно."
сон_и_режим,😴 Сон и режим,Иногда ребёнку помогает заснуть тихое пение мамы или папы. Голос родителей действует на него лучше любых гаджетов.
сон_и_режим,😴 Сон и режим,При поздних пробуждениях утром не спешите включать свет. Пусть ребёнок постепенно проснётся в мягкой обстановке.
сон_и_режим,😴 Сон и режим,"Установите одинаковый порядок действий перед сном — купание, пижамка, колыбельная. Регулярность даёт чувство стабильности."
сон_и_режим,😴 Сон и режим,"Если ребёнок сбился с режима, восстанавливайте его постепенно. Резкие перемены вызывают стресс."
сон_и_режим,😴 Сон и режим,"Не меняйте резко место сна, например, с колыбели на большую кроватку. Делайте переход постепенно, чтобы малыш привык."
сон_и_режим,😴 Сон и режим,"Иногда детям помогает спать с мягкой игрушкой, но до года оставляйте её рядом только днём. Ночью это небезопасно."
сон_и_режим,😴 Сон и режим,"Если малыш часто просыпается ночью, проверьте не только подгузник, но и зубы — прорезывание может мешать сну."
игры_и_развитие,🎲 Игры и развитие,"Развивайте зрение малыша яркими игрушками. Вешайте их на разном расстоянии, чтобы он учился фокусироваться."
игры_и_развитие,🎲 Игры и развитие,"Играйте с малышом в «самолётик», аккуратно поднимая его на руках. Это укрепляет мышцы и вызывает радость."
игры_и_развитие,🎲 Игры и развитие,Показывайте ребёнку своё отражение в зеркале. Постепенно он начнёт узнавать себя.
игры_и_развитие,🎲 Игры и развитие,"Предлагайте игрушки, которые можно катать по полу. Это стимулирует ползание."
игры_и_развитие,🎲 Игры и развитие,Делайте «велосипед» ножками ребёнка. Это помогает при коликах и развивает координацию.
игры_и_развитие,🎲 Игры и развитие,"Разговаривайте с малышом, называя предметы вокруг. Он будет запоминать слова ещё до того, как заговорит."
игры_и_развитие,🎲 Игры и развитие,"Игра «ку-ку» учит ребёнка понятию постоянства — что мама есть, даже если её не видно."
игры_и_развитие,🎲 Игры и развитие,Используйте безопасные погремушки разного веса. Это помогает ребёнку учиться держать предметы.
игры_и_развитие,🎲 Игры и развитие,"Если ребёнок тянется к предметам, не давайте их сразу. Пусть немного потрудится, это полезно для моторики."
игры_и_развитие,🎲 Игры и развитие,"Читайте простые книжки с большими картинками. Даже если малыш пока не понимает, он учится рассматривать и слушать."
здоровье_и_безопасность,🏥 Здоровье и безопасность,"Не давайте малышу игрушки с мелкими деталями. Всё, что помещается в рот, может быть опасно."
здоровье_и_безопасность,🏥 Здоровье и безопасность,"Если у ребёнка поднялась температура, не кутайте его. Лёгкая одежда и обильное питьё помогут лучше, чем лишние одеяла."
здоровье_и_безопасность,🏥 Здоровье и безопасность,"Всегда проверяйте воду для купания локтем или термометром. У детей кожа чувствительнее, чем у взрослых."
здоровье_и_безопасность,🏥 Здоровье и безопасность,Не используйте ходунки и прыгунки — они вредят осанке. Лучше стимулируйте ползание и самостоятельные шаги.
здоровье_и_безопасность,🏥 Здоровье и безопасность,"Если ребёнок часто болеет, чаще проветривайте и увлажняйте воздух. Это простая профилактика простуд."
здоровье_и_безопасность,🏥 Здоровье и безопасность,Никогда не оставляйте ребёнка на высоких поверхностях. Даже новорождённые могут неожиданно перевернуться.
здоровье_и_безопасность,🏥 Здоровье и безопасность,"Для зимних прогулок используйте накидку на коляску, чтобы защитить от ветра. Но следите, чтобы был доступ воздуха."
здоровье_и_безопасность,🏥 Здоровье и безопасность,В машине всегда используйте автокресло. Ребёнка нельзя держать на руках — это опасно даже при небольшой скорости.
здоровье_и_безопасность,🏥 Здоровье и безопасность,"Если у малыша режутся зубы, используйте специальные грызунки, охлаждённые в холодильнике. Это облегчает дискомфорт."
здоровье_и_безопасность,🏥 Здоровье и безопасность,"Всегда носите с собой аптечку первой помощи для ребёнка. В ней должны быть термометр, салиновые капли, жаропонижающее и пластыри."
здоровье_и_безопасность,🏥 Здоровье и безопасность,"Не перегружайте кожу ребёнка косметикой — достаточно мягкого крема или масла. Чем меньше средств, тем ниже риск аллергии."
здоровье_и_безопасность,🏥 Здоровье и безопасность,При купании используйте отдельную мягкую губку или салфетку. Это помогает поддерживать гигиену и предотвращает раздражения.
здоровье_и_безопасность,🏥 Здоровье и безопасность,Не используйте ванные с пеной для взрослых. В детской косметике состав гораздо мягче и безопаснее.
здоровье_и_безопасность,🏥 Здоровье и безопасность,"Если у малыша слезятся глаза, аккуратно протирайте их кипячёной водой или физраствором. Никогда не используйте один ватный диск для двух глаз."
здоровье_и_безопасность,🏥 Здоровье и безопасность,Для стирки вещей младенца используйте температуру не ниже 60 °C. Это уничтожает бактерии и делает одежду более безопасной.
здоровье_и_безопасность,🏥 Здоровье и безопасность,"Приучайте себя всегда проверять, не натёр ли подгузник кожу. Иногда достаточно сменить марку, чтобы проблема исчезла."
здоровье_и_безопасность,🏥 Здоровье и безопасность,Не сушите детские вещи на улице вблизи дороги. В них может осесть пыль и выхлопные газы.
здоровье_и_безопасность,🏥 Здоровье и безопасность,После купания не спешите одевать малыша. Дайте коже подышать несколько минут.
здоровье_и_безопасность,🏥 Здоровье и безопасность,Для мытья головы используйте специальные мягкие шампуни без слёз. Они подходят даже новорождённым.
здоровье_и_безопасность,🏥 Здоровье и безопасность,"Если у ребёнка часто холодные ручки и ножки, это не всегда признак болезни. У младенцев ещё несовершенная терморегуляция."
кормление_и_питание,🍼 Кормление и питание,Никогда не вводите новые продукты во время болезни. Организм в этот момент ослаблен и может отреагировать непредсказуемо.
кормление_и_питание,🍼 Кормление и питание,"Если ребёнок отказывается от прикорма, предлагайте еду в другой форме. Например, морковь можно дать и в виде пюре, и в виде парового кусочка."
кормление_и_питание,🍼 Кормление и питание,Не давайте ребёнку сладкое печенье и конфеты до года. Лучше предложите кусочек фрукта или сухарик.
кормление_и_питание,🍼 Кормление и питание,Если малыш играет едой — это тоже часть процесса. Так он знакомится с её текстурой и запахом.
кормление_и_питание,🍼 Кормление и питание,После года не затягивайте кормления слишком долго. Постепенно малыш должен привыкать к режиму.
кормление_и_питание,🍼 Кормление и питание,Для прикорма используйте только свежие продукты. Никаких остатков со стола взрослых.
кормление_и_питание,🍼 Кормление и питание,"Если ребёнок капризничает во время еды, сделайте паузу. Иногда нужно просто подождать 10–15 минут."
кормление_и_питание,🍼 Кормление и питание,Приучайте малыша пить воду без добавок. Соки и компоты могут вызывать лишнюю нагрузку на желудок.
кормление_и_питание,🍼 Кормление и питание,Не заставляйте ребёнка есть насильно. Лучше предлагайте маленькими порциями чаще.
кормление_и_питание,🍼 Кормление и питание,"Постепенно вводите кусочки пищи, чтобы малыш учился жевать. Это также снижает риск проблем с речью в будущем."
сон_и_режим,😴 Сон и режим,"Если ребёнок плохо спит ночью, попробуйте больше активных игр днём. Физическая активность помогает тратить энергию."
сон_и_режим,😴 Сон и режим,Никогда не используйте телевизор или планшет для укачивания. Это нарушает формирование здорового сна.
сон_и_режим,😴 Сон и режим,Не давайте ребёнку сладкое перед сном. Сахар возбуждает нервную систему и мешает уснуть.
сон_и_режим,😴 Сон и режим,В вечернем ритуале используйте тёплую ванну или обтирание. Это помогает малышу расслабиться.
сон_и_режим,😴 Сон и режим,"Если ребёнок часто просыпается, попробуйте дневник сна. Записи помогут найти причину беспокойства."
сон_и_режим,😴 Сон и режим,"Плач во сне не всегда означает, что ребёнок проснулся. Иногда он может просто вздрагивать и дальше спать."
сон_и_режим,😴 Сон и режим,Для дневного сна используйте коляску на балконе — свежий воздух улучшает качество сна.
сон_и_режим,😴 Сон и режим,Иногда дети просыпаются от жажды. Держите под рукой поильник с водой.
сон_и_режим,😴 Сон и режим,При прорезывании зубов сон может быть беспокойным. В такие дни будьте терпеливее и дайте малышу больше ласки.
сон_и_режим,😴 Сон и режим,"Старайтесь не менять режим сна резко. Перестановка на час-два допустима, но не больше."
игры_и_развитие,🎲 Игры и развитие,"Используйте разные материалы для игр — ткань, дерево, силикон. Разные текстуры стимулируют сенсорное развитие."
игры_и_развитие,🎲 Игры и развитие,Давайте малышу безопасные ложки и кружки. Он будет учиться держать предметы и развивать координацию.
игры_и_развитие,🎲 Игры и развитие,"Показывайте ребёнку домашние предметы — кастрюли, ложки, мягкие щётки. Всё новое расширяет кругозор."
игры_и_развитие,🎲 Игры и развитие,Танцуйте с малышом на руках под музыку. Это развивает чувство ритма и укрепляет мышцы.
игры_и_развитие,🎲 Игры и развитие,"Пробуйте пальчиковые игры: «Сорока-белобока», «Ладушки». Они стимулируют речь и внимание."
игры_и_развитие,🎲 Игры и развитие,После 6 месяцев предлагайте малышу кубики для построек. Даже простое складывание формирует понимание формы и пространства.
игры_и_развитие,🎲 Игры и развитие,"Показывайте животные звуки — «мяу», «гав». Это весело и помогает развитию речи."
игры_и_развитие,🎲 Игры и развитие,Играйте в прятки с игрушками. Спрячьте предмет и предложите малышу его найти.
игры_и_развитие,🎲 Игры и развитие,Учите ребёнка хлопать в ладоши. Это простое действие развивает координацию и социальные навыки.
игры_и_развитие,🎲 Игры и развитие,Делайте короткие утренние гимнастики. Несколько движений ножками и ручками помогут зарядиться энергией.
здоровье_и_безопасность,🏥 Здоровье и безопасность,Проверяйте игрушки на наличие трещин и острых краёв. Даже маленькая зазубрина может поцарапать кожу.
здоровье_и_безопасность,🏥 Здоровье и безопасность,"Не давайте малышу пустышку, если она упала на пол, просто «облизав» её. Всегда промывайте и стерилизуйте."
здоровье_и_безопасность,🏥 Здоровье и безопасность,При высокой температуре не используйте спиртовые растирания. Это опасно для детской кожи.
здоровье_и_безопасность,🏥 Здоровье и безопасность,"Следите, чтобы в доме не было растений с ядовитыми листьями. Малыш может потянуть их в рот."
здоровье_и_безопасность,🏥 Здоровье и безопасность,Используйте термометр с мягким наконечником для измерения температуры. Это безопаснее и удобнее.
здоровье_и_безопасность,🏥 Здоровье и безопасность,"Никогда не оставляйте ребёнка в ванной без присмотра, даже на секунду. Несчастные случаи происходят именно так."
здоровье_и_безопасность,🏥 Здоровье и безопасность,Следите за безопасностью проводов и розеток. Используйте специальные заглушки и фиксаторы.
здоровье_и_безопасность,🏥 Здоровье и безопасность,"Если ребёнок начал вставать в кроватке, опустите матрас ниже. Это предотвратит падения."
здоровье_и_безопасность,🏥 Здоровье и безопасность,"Для прогулок в холодное время используйте много слоёв одежды. Лучше несколько тонких вещей, чем один толстый комбинезон."
здоровье_и_безопасность,🏥 Здоровье и безопасность,Не кладите ребёнка спать с бутылочкой. Это может вызвать кариес и проблемы с челюстью.
